Algorithm,Route,Distance (km),Execution Time (s),Length Difference (km),Resemble Rate (%)
Simulated Annealing,"11169616022, 9076608902, 10844090935, 6308159165, 10844090706, 10672598289, 11169616069, 10763697408, 11304463470, 2216518883",74272,0.009758234024047852,0.0,1.0
Genetic Algorithm,"11304463470, 9076608902, 11169616022, 11169616069, 10763697408, 6308159165, 10672598289, 10844090706, 2216518883, 10844090935, 11304463470",80968,0.1174173355102539,-6.7,0.7272727272727273
